{
  "hash": "0ce955d4",
  "browserHash": "8ae4d5fd",
  "optimized": {
    "@angular/common": {
      "src": "../../../../../node_modules/@angular/common/fesm2022/common.mjs",
      "file": "@angular_common.js",
      "fileHash": "cae664c8",
      "needsInterop": false
    },
    "@angular/common/http": {
      "src": "../../../../../node_modules/@angular/common/fesm2022/http.mjs",
      "file": "@angular_common_http.js",
      "fileHash": "10d35955",
      "needsInterop": false
    },
    "@angular/core": {
      "src": "../../../../../node_modules/@angular/core/fesm2022/core.mjs",
      "file": "@angular_core.js",
      "fileHash": "4857eee0",
      "needsInterop": false
    },
    "@angular/forms": {
      "src": "../../../../../node_modules/@angular/forms/fesm2022/forms.mjs",
      "file": "@angular_forms.js",
      "fileHash": "ea8417d4",
      "needsInterop": false
    },
    "@angular/platform-browser": {
      "src": "../../../../../node_modules/@angular/platform-browser/fesm2022/platform-browser.mjs",
      "file": "@angular_platform-browser.js",
      "fileHash": "e4f2bb2c",
      "needsInterop": false
    },
    "@angular/router": {
      "src": "../../../../../node_modules/@angular/router/fesm2022/router.mjs",
      "file": "@angular_router.js",
      "fileHash": "d0087e00",
      "needsInterop": false
    },
    "jwt-decode": {
      "src": "../../../../../node_modules/jwt-decode/build/esm/index.js",
      "file": "jwt-decode.js",
      "fileHash": "ff0801b5",
      "needsInterop": false
    }
  },
  "chunks": {
    "chunk-SYCHETYR": {
      "file": "chunk-SYCHETYR.js"
    },
    "chunk-MONBJDSE": {
      "file": "chunk-MONBJDSE.js"
    },
    "chunk-S2CLYVMP": {
      "file": "chunk-S2CLYVMP.js"
    },
    "chunk-GUCLLUNL": {
      "file": "chunk-GUCLLUNL.js"
    },
    "chunk-HSNDBVJ3": {
      "file": "chunk-HSNDBVJ3.js"
    }
  }
}